Group,SubGroup,Information Text,Source(url),Source_Type,Lookup_Key
Dining/food,Dining_Halls,"Dining Hall Locations:
Campus Roots at 60 Belvidere
Outtakes at Stetson West (10 points/meal)
The Eatery at Stetson East
The Market at 60 Belvidere Street ($14/meal swipe)
United Table at International Village",https://huskycard.northeastern.edu/dining-halls/,Official,Dining_food_Dining_Halls
Dining/food,Retail_Dining,"Retail Dining Locations:
Choolaah (Curry Student Center)
D’Angelo’s (Curry Student Center)
Dunkin’ (Hayden Hall, Shillman Hall)
Equator Coffees at Snell Library
Faculty Club (EXP)
The Halal Shack (Curry Student Center)
Juicygreens (International Village South)
Kigo Kitchen (Curry Student Center)
the Market at Curry Student Center
Modern Market (Churchill Hall)
Popeyes (Curry Student Center)
Sal’s Pizza (Curry Student Center)
Starbucks (Curry Student Center, Churchill Hall)
Subway (Ryder Hall)
Anna’s Taqueria (Marino Center)
Fuel America (ISEC)
Saxbys (EXP)
Tatte Bakery and Cafe (Marino Center)
Wollaston’s Market (Marino Center, West Village B)",https://huskycard.northeastern.edu/dining-halls/,Official,Dining_food_Retail_Dining
Dining/food,Allergy_Info,"Dining locations strive to suit every student’s needs. All food allergies and special food requests should be disclosed to a Northeastern Dining Administrator prior to each term. Please contact the campus Registered Dietician team at nudietitians@northeastern.edu for questions or concerns regarding menus, allergies, or for information on navigating resources.
Medical concerns regarding dining and meal plan requirements must be registered through the Disability Access Services in Boston or Oakland for review. Religious concerns must be submitted to the Center for Spirituality, Dialogue, & Service for review.
For religious-related dietary restrictions, please reach out to the Center for Spirituality, Dialogue, and Service at csdsaccommodations@northeastern.edu to initiate their review process. Once submitted through CSDS, conversations with Northeastern Dining’s Dietitian team and CSDS Spiritual Advisors and staff will be scheduled.  ",https://huskycard.northeastern.edu/meal-plan-policies-2024/?utm_source=chatgpt.com,Official,Dining_food_Allergy_Info
Dining/food,Contact_Info,"Boston
4 Speare Commons - Lower Level
Mon-Fri 8:30 AM — 4:30 PM
617.373.8740 (EST)
huskycard@northeastern.edu
mealplan@northeastern.edu nudietitians@northeastern.edu",https://huskycard.northeastern.edu/on-campus-vendors/,Official,Dining_food_Contact_Info
Dining/food,Plan_Options_And_Cost,"Northeastern University offers several meal plans aimed at suiting a variety of student needs. Experience the best of Northeastern Dining every day with the meal plan that works best for you! All first-year students living in University Housing are required to be enrolled in a traditional meal plan as well as continuing students (second-year and above) living in meal plan required housing.  All other full-time, actively enrolled students have the option to enroll in any of the Traditional Meal Plans or Community Meal Plans of their choosing.
Meal Plan Rates Fall 2025 and Spring 2026 (per semester costs)
Plan: NU – Unlimited | Cost: $4,450  | Dining Dollars:	$400  | Guest Passes: 10
Plan: NU – 225  | Cost: $4,450  | Dining Dollars: $600 | Guest Passes: 10
Plan: NU – 180 | Cost: $3,935  | Dining Dollars: $300  | Guest Passes: 10
Plan: NU – 150 | Cost: $3,465  | Dining Dollars:: $200 | Guest Passes: 10
Plan: NU – 100 | Cost: $2,800  | Dining Dollars: $200  | Guest Passes: 10
Community Meal Plans: offer convenience with a cost-effective way to experience the best of dining – all for our continuing and graduate students who are no longer required to be on a meal plan. 
Plan: CP – 80	| Cost: $1,460
Plan: CP – 60	| Cost: $1,105
Plan: CP – 40	| Cost: $740
Plan: CP – 20	| Cost: $375",https://huskycard.northeastern.edu/meal-plan/|https://huskycard.northeastern.edu/traditional-meal-plans/|https://huskycard.northeastern.edu/boston-community-plans/,Official,Dining_food_Plan_Options_And_Cost
Housing,Housing_Cost,"First-year housing costs vary depending on building style and room type. For traditional-style halls, single rooms are the most expensive at $6,510 per semester (or $5,680 in Kerr Hall), while double rooms run $5,680, triples around $5,205–$5,315, and economy options (economy doubles, triples, and quads) range from $4,220 to $4,555 — making them the most affordable choices.
For suite-style housing, International Village and East Village charge $7,275 for a single bedroom (the highest rate available), $6,220 for double bedrooms, and $5,315 for triple bedrooms. East Village single bedrooms are reserved exclusively for students with documented housing accommodations.
153 Hemenway stands out as offering some of the widest range of options, from a $5,680 double room down to a $4,220 economy quad. Hastings Hall only offers single and double rooms at $6,510 and $5,680 respectively.
All rates are charged per semester, and all first-year housing is meal plan required. Students in traditional halls (no kitchens) must have at least the 180 Meal Plan, while those in apartment-style buildings need at least the 150 Meal Plan. Room assignments, buildings, and pricing are all subject to change at the university's discretion. For Upperclassmen, Apartment-Style Housing is the most common option and spans three tiers. Enhanced apartments (typically featuring living rooms, central air, and elevator access) run $7,475 for a single bedroom and $6,315 for a double. Standard apartments (with living rooms but fewer amenities) are $6,840 for a single and $5,480 for a double. Economy apartments (no living room) come in at $5,815 for a single. Studio apartments — where the bedroom and living area are combined — range from $9,075–$9,295 for a single studio and around $6,840 for a double studio, though some studio singles are reserved exclusively for students with documented housing accommodations.
Suite-Style Housing includes Enhanced and Standard options. Enhanced suites at buildings like Davenport Commons, West Village, and East Village are the priciest non-studio option at $8,855 for a single bedroom and $7,720 for a double. Standard suites (International Village, East Village) run $7,275 for a single down to $5,315 for a triple bedroom.
Traditional-Style Housing (shared floor bathrooms, meal plan required) is the most affordable upperclassman option, with Hastings Hall offering singles at $6,510 and doubles at $5,680. The Fairwoods offers the lowest rate on the entire chart at $4,725 for a triple bedroom.
Leased Properties (LP) function like university-owned buildings for billing purposes but lack Husky Card access and require students to arrange their own internet. They span all price tiers depending on the specific property.
Continuing students in meal-plan-required buildings need at least the 100 Meal Plan, while first-year students in those buildings need the 180 Meal Plan minimum.                                                                                                                                                  ",https://housing.northeastern.edu/rates/,Official,Housing_Housing_Cost
Housing,Layout_Info,"Each room comes with a bed frame, mattress (twin XL), desk, desk chair and dresser
Since each room is unique, we are unable to provide square footage/measurements of individual rooms
All Northeastern University housing is smoke-free
Common community spaces, in most halls, can be used for studying, group projects or student activities Traditional Style accommodations are corridor rooms with shared communal bathrooms. These accommodations are historically filled with traditional First Year Boston students. Suite Style accommodations are bedrooms that share or are adjoined by a private bath. While some of our first year students live in suite-style housing accommodations, suite style housing makes up a large portion of our continuing student housing stock. Apartment Style accommodations have kitchens and in unit bathrooms. Many continuing students live in apartment style housing, as well as some returning NUin students. ",https://housing.northeastern.edu/university-housing/,Official,Housing_Layout_Info
Housing,Off_Campus,"Off Campus Engagement and Support (OCES) at Northeastern provides educational programming and engagement opportunities to learners living off campus in Boston and throughout Northeastern’s network. We are dedicated to connecting students to their community, fostering campus engagement, and providing education and resources to support students in Boston’s neighborhoods.  ",https://offcampus.housing.northeastern.edu/get-involved/about/,Official,Housing_Off_Campus
Housing ,Contact_Info,"housing@northeastern.edu
617-373-2814",https://housing.northeastern.edu/,Official,Housing_Contact_Info
Student_Amenities/Activities,Gym,"The Marino Recreation Center and the SquashBusters Center are the main recreational facilities at Northeastern University.  Additionally the following shared facilities are also for recreational use:

The Cabot Center, which houses the swimming pool, indoor cage, and raquetball courts
Matthews Arena, for open skate and Intramural Sports use
Carter Field, for Intramural Sports
Wiffleball Field
Sand Volleyball Court",https://recreation.northeastern.edu/facilities-hours/,Official,Student_Amenities_Activities_Gym
Student_Amenities/Activities,Student_Activities_Fees,"An $30 fee will be assessed per semester for all students enrolled at Northeastern’s Boston campus. The fee covers admission to home athletic events, use of the Marino Fitness Center, SquashBusters athletic facility, and the Cabot Gym. This fee also supports the future construction of athletic fields and facilities.",https://bachelors-completion.northeastern.edu/tuition-financial-aid/tuition-fees/,Official,Student_Amenities_Activities_Student_Activities_Fees
Student_Amenities/Activities,Clubs,"Northeastern is home to more than 600 student clubs and organizations across our undergraduate campus network. Meet new people, find a new hobby, and be a part of something great.

Student clubs and organizations, including the Student Government Association, provide a venue for you to develop your leadership potential. Academic and professional societies connect you to a network of accomplished professionals in your field. You’ll also find athletic clubs, performing arts groups, cultural organizations, and more at Northeastern.

A current list of clubs to lookup can be found at: engage.northeastern.edu/club_signup",https://admissions.northeastern.edu/student-life/student-clubs-and-organizations/|https://engage.northeastern.edu/club_signup,Official,Student_Amenities_Activities_Clubs
Student_Amenities/Activities,Game_Rooms,"The Paws Play Game Room is the perfect place to take a break between classes or hang out on the weekends. The Paws Play Game Room is located on the 4th floor of the Curry Student Center. It features 6 pool tables, 2 table tennis tables, 3 video game stations(2 PS5s, XBOX and Switch 2) and a board gaming table.",https://curry.sites.northeastern.edu/paws-play-game-room/,Official,Student_Amenities_Activities_Game_Rooms
Student_Amenities/Activities,Volunteering  ,"Volunteering is an exceptional opportunity for members of the Northeastern community to show their support for the university. The opportunities to volunteer are virtually endless. You can help plan an event, host a gathering, mentor a student, or simply engage with us through social or digital channels.

Whatever shape your involvement takes and regardless of how much time you have to offer, rest assured that your contribution will significantly impact those around you. We will work with you to align the best opportunities with your skills and ideas.",https://alumni.northeastern.edu/about/about-us/volunteer/,Official,Student_Amenities_Activities_Volunteering
Student_Amenities/Activities,Contact_Info,"If you have a University Recreation policy related question or a situation specific to your needs that requires further inquiry, please contact us at recreation@northeastern.edu and the appropriate team member will contact you.

Center of Student Involvement contacts:
General inbox: nucsi@northeastern.edu
617-373-2642
CSI Office hours:
Monday 1-5pm
Tuesday 10am-3pm 
Thursday 3-7pm
Friday 10am-3pm
Virtual or In-Person – walk-ins welcome!
Student Organization Suites CSC240
Tue and Thu 12-1pm no staff present",https://recreation.northeastern.edu/policies/|https://csi.studentlife.northeastern.edu/,Official,Student_Amenities_Activities_Contact_Info
Safety,Redeye_Night_Shuttle,"On-demand ride-sharing service created specifically for Northeastern University students who live off-campus within a 1.5-mile radius of Snell Library. Using this app, eligible students can easily request a ride from campus, view estimated pickup times, track their driver’s location in real time, and receive live trip updates for a safer, more reliable commuting experience.",https://play.google.com/store/apps/details?id=com.liftango.northeastern&hl=en_US,Unofficial,Safety_Redeye_Night_Shuttle
Safety,Security_App,SafeZone is a smart phone app that any student or staff member can download and use for free. This App will connect you directly to the Northeastern University Police Department should you need our assistance or emergency support while you are on campus.,https://nupd.northeastern.edu/safezone/,Official,Safety_Security_App
Safety,Campus_Escort,"The Public Safety Division is committed to working with Northeastern University faculty, students, staff, and neighbors to build relationships and keep
our campus thriving. Our work extends far beyond Boston, as we support learners in their academic and experiential endeavors around the world. The
Public Safety Division is comprised of three sections: Police Department, Emergency Management, and International Safety.
The Northeastern University Police Department (https://nupd.northeastern.edu/) is a full-service and accredited police agency that comprises patrol
and investigative divisions providing 24-hour service. NUPD has developed robust crime-detection and prevention strategies centered on technology
and campus community engagement. Our well-trained officers are ready and willing to assist all members of our community.
A personal safety escort (https://nupd.northeastern.edu/our-services/safety-escort-services/) can be provided from one Boston on-campus location
to another, any time of day, whenever personal safety is a concern. You'll need to provide your name, Northeastern ID number, and location.  Safety
escorts usually arrive in 10 to 15 minutes. A special, nighttime off-campus escort service, called the RedEye, runs from dusk to dawn to transport
students to their residence within two miles from the center of the Boston campus. Every night from 5 p.m. until 6 a.m., the RedEye van will pick
students up at Egan Access Road, behind Snell Library. In order to use this escort, you must book a ride in advance using the RedEye app, or you can
book a ride at the RedEye dispatch center located at the Northeast Security office in the Ruggles Substation.",https://catalog.northeastern.edu/professional-studies/information-entering-students/public-safety/public-safety.pdf,Official,Safety_Campus_Escort
Safety,Card_Entry,"Along with identification, the Husky Card is also used for building/residence hall access, parking, printing, vending, dining services, library book check-out, discounts and more. The Husky Card can also be used as a pre-paid payment card. When you add money to your Husky Dollar account, you will be able to pay for food and services at many locations in and around the University. Please note that no cash withdrawals are permitted with a Husky Card.",https://huskycard.northeastern.edu/,Official,Safety_Card_Entry
Safety,Contact_Info,Emergency: 617-373-3333 Non-Emergency: 617-373-2121,https://nupd.northeastern.edu/,Official,Safety_Contact_Info
Athletics,Varsity_Sports,"Our students work tremendously hard—and our 19 Division I athletic teams in Boston play even harder. Cheer on Northeastern’s men’s and women’s ice hockey as they go for the Beanpot or catch a basketball game at historic Matthews Arena. Our teams are among the most successful in New England and host some of the biggest collegiate events each year. #HowlinHuskies!

List of Varsity Sports:
Baseball
Men’s Basketball
Women’s Basketball
Men’s Cross Country
Women’s Cross Country
Field Hockey
Men’s Ice Hockey
Women’s Ice Hockey
Men’s Rowing
Women’s Rowing
Men’s Soccer
Women’s Soccer
Swimming & Diving
Men’s Track and Field
Women’s Track and Field
Volleyball",https://admissions.northeastern.edu/student-life/athletics-and-fitness/|https://nuhuskies.com/#:~:text=McDermid%20Earns%20Hockey%20East%20Rookie,Official,Athletics_Varsity_Sports
Athletics,Intramural ,"University Recreation Intramural Sports programs allow the campus community to participate in a variety of different tournaments and leagues. With both team and individual sports like flag football, softball, soccer, broomball, badminton, floor hockey, and volleyball, there really is something for everybody.  Within each sport, leagues will be offered to accommodate the recreational playstyles and skill levels of all student participants.

Intramural Sports offers several different types of league play. The two most featured are Open Leagues and All Gender Leagues. Open leagues have no set parameters for who can participate on the field or court, and are often our most competitive leagues. All Gender leagues (formerly known as “Co-Rec”) have sport-specific parameters that require a ratio of different gender-identifying participants competing at once. Please consult the handbook of each sport for further guidance and clarification. All rules and registration information can be found on IMLeagues at https://www.imleagues.com/Northeastern

Our events give students opportunities to improve and enhance leadership and social skills in a fast-paced, competitive, and fun environment. In providing these tournaments and leagues, the University Recreation Intramural Sports programs continue to promote healthy lifestyles and wellness, provide an environment that allows for competition amongst peers, and ensures fun experiences for the entire campus community.",https://recreation.northeastern.edu/intramural-sports/,Official,Athletics_Intramural
Athletics,Signature_Events,Cheer on Northeastern’s men’s and women’s ice hockey as they go for the Beanpot or catch a basketball game at historic Matthews Arena. Our teams are among the most successful in New England and host some of the biggest collegiate events each year. #HowlinHuskies!,https://admissions.northeastern.edu/student-life/athletics-and-fitness/,Official,Athletics_Signature_Events
Athletics,Contact_Info,"Athletic Department
360 Huntington Avenue
219 Cabot Center
Boston, Mass. 02115

Athletic Department Phone: (617) 373-2672
Athletic Department Fax: (617) 373-8988
Ticket Office: (617) 373-6785
Howlin' Huskies Fund: (617) 373-2523
",https://nuhuskies.com/staff-directory,Official,Athletics_Contact_Info
Admission/Application,Decision_Types/Outcomes,"Early Decision I and II:If Northeastern is your number one college choice, and you are committed to attending if admitted, Early Decision is the admissions program that is right for you. Early Decision is ideal for students who are confident that we are the right fit—academically, socially, and financially. Early Decision (ED) applicants will be bound to their top preference if admitted into that program. This policy is true for any of our five first-year enrollment opportunities and if students select open to all opportunities. ED applicants will not be bound to an enrollment program if admitted into a program that was not their first-choice preference—a non-binding decision would be issued. All applicants are asked for their program preferences in the institution specific section of the application. You will have two opportunities to apply for Early Decision consideration: by November 1 for Early Decision I or by January 1 for Early Decision II. Early Decision II allows students who realize that Northeastern is their first choice later in the application process to demonstrate that interest.

Early Action: Choose Early Action if Northeastern is a top choice—and you feel you can put your best foot forward at this earlier date since the Admissions Committee will not see your senior year grades or late fall standardized testing. Early Action is non-binding.  

Regular Decision: Choose Regular Decision if you would like to have additional time to put the finishing touches on your application and for the Admissions Committee to review information from the first semester of your senior year in your application. Regular Decision is non-binding.

Decision Outcomes: For first-year applicants, once you submit your application, you will receive one of the following admissions decisions:
-Starting at Northeastern’s Boston campus
-Starting at Northeastern’s Oakland campus
-Admission to The N.U.in Program: first semester at a global partner institution
-Admission to London Scholars: first year at Northeastern's London campus
-Admission to New York City Scholars: first year at the Marymount Manhattan College campus
-Admission to NU Immerse: a yearlong program for English language acquisition
-Admission to Foundation Year: a yearlong program for selected students from the City of Boston
-Defer
-Waitlist
-Deny",https://admissions.northeastern.edu/application-information/admissions-deadlines-decisions/,Official,Admission_Application_Decision_Types_Outcomes
Admission/Application,Dates/Deadlines,"Early Decision I Application Deadline: November 1 ,  Decision Notification by January 1
Early Decision II Application Deadline: January 1,  Decision Notification by March 1

Early Action: Application Deadline: November 1 ,Decision Notification by February 15 

Regular Decision: Application Deadline: January 1 , Decision Notification by April 1

FAFSA/CSS Submission Deadlines:
-Early Decision I: November 15 
-Early Action: December 1 
-Early Decision II: January 15
-Regular Decision: February 15 
-Fall Transfer: April 15 
-Spring Transfer: October 15",https://admissions.northeastern.edu/application-information/admissions-deadlines-decisions/,Official,Admission_Application_Dates_Deadlines
Admission/Application,Portal_Info,"Create your application through The Common Application or the Coalition Application (we accept both). Once you have created your application, please select Northeastern University to directly submit your application to us.",https://admissions.northeastern.edu/,Official,Admission_Application_Portal_Info
Admission/Application,Application_Materials,"General Application: You may submit either the Common Application or Coalition Application. Your application must be submitted by the deadline, along with either the non-refundable application fee ($75) or a fee waiver request.

Transcripts:Your Official High School Transcript must be submitted to Northeastern by your counselor or another school official. Transcripts should include any final grades from grades 9, 10, and 11; first trimester or first semester grades should be sent when they become available. Your high school should submit the Mid-Year Report if you were deferred to Regular Decision. If you are applying from a high school with non-traditional grading policies or narrative evaluations instead of traditional grades, you are required to submit your narrative reports in order for your application to be complete.If you have been out of high school for more than one year, you are still required to submit your most recent transcript.
If you earned your GED, you must submit an official GED score report, along with your high school transcript through the final year you completed.

Advanced Credits: Freshman are eligible to receive credit from Advanced Placement (AP) or International Baccalaureate (IB) examinations, or from certain international maturity certificate examinations. If you received credit for any courses completed at a college or university, you must request for an official college or university transcript to be sent directly to Northeastern.

School Report: The School Report, which is sent by your school counselor, highlights what is offered by your school academically and provides context to the high school transcript. A School Report will detail class rank, GPA scaling, curriculum, and unique opportunities or extra-curricular activities offered by the high school. Some schools have their own version of the form, which we also accept, but most schools use the NACAC or Common Application school report forms.

Recommendation Letters: We require one teacher recommendation and one school counselor recommendation. If someone else has written on your behalf and offers a different viewpoint, you may submit 1-2 additional recommendations if you would like, but please know that due to the number of applications we receive we may not be able to consider all of them as part of our evaluation. 

English Language Proficency: All first-year and transfer applicants, regardless of citizenship, must demonstrate proficiency in English to be considered for admission to Northeastern. You can complete the requirement in the following ways: 1-You are a native English speaker. 2-You are a non-native English speaker, and you submit official results from a valid English Language Test. Northeastern will accept the following: -C1 Advanced or C2 Proficiency (Cambridge English) -Duolingo English Test (DET)-IELTS Academic -PTE Academic-TOEFL Internet-based Test (Northeastern will accept either the in-person iBT completed in a test center, or the online iBT Home Edition. Northeastern’s TOEFL Code is 3667.)
3-You are a non-native English speaker, and immediately before enrolling at Northeastern, you will complete 4 consecutive, full-time academic years in high schools and universities where native English was the primary instructional language for all courses except foreign language acquisition courses.

Standardized Test Results (Optional): All complete applications will be fully considered for admission to Northeastern. Northeastern University is test-optional and does not require applicants to submit standardized testing to be considered for admission. If you choose to apply without standardized testing, you will not be penalized or disadvantaged. If you choose to submit standardized testing, you may submit the SAT (CEEB Code 3667) ACT (College Code 1880) or both. Northeastern super-scores and will only consider your best score between the two types of tests.

Creative Portfolio (Encouraged for CAMD applicants): If you are applying to the College of Arts, Media and Design, you are encouraged to submit a portfolio under your Application Status Check after applying to Northeastern. Applicants are encouraged to complete all forms, including Academic Profile, Media Uploads, and Personal Statement (500-word limit). Please only submit one portfolio. Additional submissions will not be reviewed. 

Financial Aid Requirements: If you are a U.S. Citizen, U.S. Permanent Resident or eligible noncitizen applying for need-based financial aid, you must submit the FAFSA and CSS Profile.",https://admissions.northeastern.edu/application-information/required-materials/,Official,Admission_Application_Application_Materials
Admission/Application,Financial_Aid,"Four methods of meeting the cost of your education: Paying from your family income and savings, The Northeastern University Monthly Payment Plan, administered by Flywire, Financial aid, Supplemental loans.

Determining Award Amounts: Your offer of financial assistance is based on a number of factors. We begin with the estimated cost of education. From this, we subtract the Expected Family Contribution (EFC), which is calculated from information you submitted on the FAFSA and CSS Profile forms, to arrive at your financial need. We are dedicated to meeting the full demonstrated need for each incoming domestic financial aid applicant. Information reported on your financial aid application materials, including the FAFSA and CSS Profile, is used to determine a student's eligibility for available forms of financial assistance. Financial aid offers for first-year students are released in coordination with their offer of admission, provided all required financial aid application materials have been received. In some cases, additional documents may be requested in addition to the FAFSA and CSS Profile. If necessary, we will review and recalculate your aid eligibility using the correct data. In the event there is a change in your financial aid award, a revised offer of financial assistance will be sent to you.

Merit Scholarships:In addition to its generous need-based financial aid program, Northeastern University awards merit scholarships to select students. All first-year applicants who apply for undergraduate admission to Northeastern no later than the Regular Decision deadline of January 1 are considered for merit scholarships, which range in amount. All fall first-year students admitted to Northeastern University London are considered for the Achievement Award in recognition of outstanding academic achievement and our expectation of superior performance.

Need-based grants and scholarships: They are awarded by the university based on information submitted in a student's financial aid application. Most grants and non-merit scholarships funded by Northeastern require that a student demonstrate financial need.

Federal Pell Grants: Federal Pell Grants are available to undergraduate students who have not yet earned a bachelor’s or professional degree. As a program targeted to high need students, eligibility for the Federal Pell Grant depends upon your Expected Family Contribution (EFC). Your EFC is calculated utilizing a formula established by Congress when your Free Application for Federal Student Aid (FAFSA) is processed. Beginning with the Fall 2021 entering class, undergraduate day students who qualify for a federal Pell Grant will have their full demonstrated need met through a combination of grants, scholarships, and work-study from federal, state, and institutional resources. Financial aid awards for eligible Pell Grant recipients will not include Federal Direct loans. In place of Federal Direct Loans, qualifying students will be awarded a Northeastern University Access Grant.* Students who enroll for the Fall 2021 class and qualify for the Federal Pell Grant during future undergraduate academic years, will continue to receive the Northeastern University Access Grant, in place of Federal Direct Loans. Please note that eligibility for the Federal Pell Grant is determined each academic year, based upon established financial and academic criteria. Federal Pell Grant eligibility is determined by your enrollment status ((full-time, 3/4 time, 1/2 time, less than 1/2 time). The maximum a student may receive for the 2024-2025 academic year was $7,395.

Supplemental Education Opportunity Grant:This grant is awarded directly from Student Financial Services to students who demonstrate exceptional need.

State Grants: Many states offer support to students who meet specific qualifications. If we have added a state grant to your award, it reflects our best estimate of your eligibility.

Federal Direct Subsidized and Unsubsidized Loans: These may be subsidized, unsubsidized, or a combination of both. With a need-based subsidized loan, the federal government pays the interest that accrues while you are in school. On a non-need-based unsubsidized loan, interest accrues while you are in school.


Supplemental Financing: There are a number of educational loan programs available to assist you in covering your expenses over and above any financial aid that may be awarded to you. Talk to Student Financial Services if you have questions about these options.

Federal Work-Study: This program assists students in securing part-time employment on campus, or at an approved off-campus agency, to help pay for incidental expenses during the year.",https://admissions.northeastern.edu/cost-financial-aid/financial-aid-for-admitted-students/,Official,Admission_Application_Financial_Aid
Admission/Application,Estimated_Cost,"Below are costs for the 2025-2026 academic year by enrollment program. We encourage you visit studentfinance.northeastern.edu to use one of our financial calculators to understand your estimated costs better.

For first-year students on our Boston and Oakland campuses.
Estimated Annual Direct and Indirect Costs: $94,137 (Boston), $94,582 (Oakland)
Tuition - $67,990 
Fees - $1,299 (Boston), $1,744 (Oakland) 
Housing* - $13,148 
Food* - $8,900
Books and course materials** - $1,000
Personal expenses** - $900
Transportation** - $900
* - These figures vary based on selected housing and dining options.
** - These figures are estimated and not billed directly by Northeastern.

General Statistics related to aid to consider: 
-70%+ of first-year students receive financial aid, including merit scholarships and grants.
-$470M in institutional aid will be awarded to undergraduate students in the 2024-2025 academic year.
-50%of Northeastern students graduate with no debt.

There is also two links to financial calculators that can be sent to the caller. ",https://admissions.northeastern.edu/cost-financial-aid/|https://studentfinance.northeastern.edu/myintuition/?_gl=1*147gd5t*_gcl_au*MjA0NzI1MDMzNC4xNzcyNjYyNDMy|https://npc.collegeboard.org/app/northeastern,Official,Admission_Application_Estimated_Cost
Admission/Application,Tours,"What to Expect For the Main Tours:
1-Information Sessions: This session will offer a high-level overview of Northeastern’s experienced-powered approach to education, the student experience, and the admissions and financial aid process.
2-Campus Tours:Following the information session is a Husky Ambassador-led tour of our Boston or Oakland campus. These 60-minute tours showcase our academic facilities, university housing, and award-winning green spaces.

Virtual College and Program Sessions:
Interested in a closer look at the student experience at Northeastern? Join one of our upcoming virtual sessions hosted by our Admissions team and representatives from across the university! These sessions are a great way to learn more about Northeastern's rigorous academics, expansive global network, experiential learning opportunities, and vibrant student life.

Interactive Virtual Tour: Take a stroll through our Boston campus with our interactive virtual tour. Explore our academic facilities, student housing, and award-winning green spaces, guided by a Husky Ambassador.

Campus Tour Video Collection: Experience a tour of the Boston campus hosted by two of Northeastern’s Husky Ambassadors. Learn about academic, research, and co-op opportunities available to our students. Hear about student experiences such as joining one of our 500+ student clubs and organizations in Boston, capturing photos of everyday life in Cuba, or living in Australia. During our residence hall tour, you will see an example of a student’s room, hear about our Living Learning Communities, and learn more about the various dining options on and off campus.",https://admissions.northeastern.edu/visit/virtual-visit-experience/|https://apply.northeastern.edu/portal/campus-visit?utm_source=ugadmissionswebsite&utm_medium=web&utm_campaign=campusvisit&utm_term=fa24&utm_content=Visit&_gl=1*1bvuhvy*_gcl_au*MjA0NzI1MDMzNC4xNzcyNjYyNDMy,Official,Admission_Application_Tours
Admission/Application,Acceptance_Criteria_Stats,"Middle 50% range ACT score of admitted students: 33-35
Middle 50% range SAT score of admitted students: 1480-1540
Middle 50% range GPA of admitted students: 4.2-4.5

General Guidance: Students are recommended, at minimum, to complete four years of English, two years of history, two years of the same foreign language, three years of science, and three years of math. Our most competitive applicants will have completed four years of all five major subjects, or perhaps dropped one subject as a senior to double up on equally rigorous courses in another subject. Applicants to the College of Engineering must have taken physics, chemistry, and precalculus.

That being said, the Admissions Committee evaluates the student within the context of their school and what their school offers — this means that if a school has different graduation requirements, it’s fine if the number of courses does not match the recommended courses above.",https://admissions.northeastern.edu/application-information/,Official,Admission_Application_Acceptance_Criteria_Stats
Admission/Application,Contact_Info,"Tours: visitorcenter@northeastern.edu

Admissions General: admissions@northeastern.edu
617.373.2200

Financial Aid: 617.373.3190

Mailing Adress:
Transcripts and recommendations that cannot be sent electronically should be sent to:
Northeastern University
Application Processing Center
P.O. Box 8210
Portsmouth, NH 03802

Application fees, application fee waiver requests, FedEx, UPS, or Priority mail packages, and Declaration and Certification of Finances Forms should be sent to:
The Office of Undergraduate Admissions
101 Belvidere, 3rd Floor
Northeastern University
Boston, MA 02115-5000 USA

Test scores should be submitted electronically.",https://studentfinance.northeastern.edu/contact-us/|https://admissions.northeastern.edu/visit/visit-campus/|https://admissions.northeastern.edu/visit/contact/|https://admissions.northeastern.edu/about-northeastern/the-northeastern-advantage/,Official,Admission_Application_Contact_Info
Admission/Application,AP_Credit_Lookup,"Northeastern accepts scores of 4 or 5 for credit. 32 semester hours of advanced credit may count toward total program hours. Please 
have AP scores sent to CEEB code 3667 via College Board if you wish to have your scores considered for credit. 
Also, there is pdf lookup for each AP course. Notify the user that you will send them this pdf file. ",https://admissions.northeastern.edu/wp-content/uploads/2025/05/FA26-AP-Transfer-Credit.pdf,Official,Admission_Application_AP_Credit_Lookup
Admission/Application,Enrollment,"First Pay your nonrefundable enrollment deposit as stated by your Terms of Admission must be paid to reserve a place at Northeastern. This secures your enrollment and transition activities. There is not a separate deposit for housing. Once your enrollment deposit has been received, you will receive information about the timeline and process to complete your housing application and roommate compatibility survey.

After you submit your deposit, please send  the following information through your Application Status Check as soon as possible:
Final high school transcript (required)
Advanced Placement test results (if applicable)
International Baccalaureate exam results (if applicable)
New or updated SAT/ACT scores (if applicable)
National Merit Finalist, National Achievement or
National Hispanic documentation (if applicable)
Official secondary-school national exam results (if applicable)
Updated TOEFL/IELTS results (if applicable)

Overall steps after deciding to enroll:Without exception, all students must successfully complete their current academic program and submit all final transcripts. High school students must also submit proof of graduation, which is typically found on the final high school transcript. Failure to submit your final high school transcript may impact your financial aid or scholarship award. Failure to successfully complete your current academic program in good standing could result in a decision to rescind your offer of admission. Disciplinary issues that have occurred since admission, at Northeastern’s New Student Orientation programs, during Move-In, or prior to the official start of the semester, must be fully disclosed as part of the terms of admissions. Northeastern reserves the right to rescind your offer of admission or engage in any appropriate disciplinary action related to these issues.

Student requesting deferment: In general, students who have paid their enrollment deposit may request to defer their enrollment one time for a maximum of one year for reasons such as travel, medical conditions, military obligations, or work. Students may not take any classes for academic credit during the deferral period. Requests are reviewed and granted on a case-by-case basis. Students who are granted a deferral must submit a nonrefundable deferral deposit to secure their place for the future term. Deferral requests must be submitted by June 1 for students admitted to the N.U.in, London Scholars, or New York City Scholars Programs and by July 1 for students admitted to the Boston or Oakland campuses. All requests can be submitted through the request link on your Application Status Check. Students admitted to the NU Immerse or Foundation Year programs are not eligible to defer their enrollment.",https://admissions.northeastern.edu/application-information/frequently-asked-admissions-questions/,Official,Admission_Application_Enrollment
Ranking/GeneralStats,Overall_School_Ranking,"Domestic Ranking Figures (US News)
#46(of 436) in National Universities (tie)
#102 in Best Value Schools
#51 in Best Undergraduate Teaching (tie)
#5 in Most Innovative Schools
#136 in Top Performers on Social Mobility (tie)
#220 in Best Global Universities

Global Ranking Figures ( Times Higher Education): 201-250th",https://www.usnews.com/best-colleges/northeastern-university-2199/overall-rankings|https://www.timeshighereducation.com/world-university-rankings/northeastern-university-us,Unofficial ,Ranking_GeneralStats_Overall_School_Ranking
Ranking/GeneralStats,Extracurriculars ,"Domestric Ranking Figures (US News)
#21 in Study Abroad
#53 in Undergraduate Research/Creative Projects (tie)
#14 in Service Learning
#18 in Senior Capstone (tie)
#1 in Co-ops/Internships",https://www.usnews.com/best-colleges/northeastern-university-2199/overall-rankings,Unofficial ,Ranking_GeneralStats_Extracurriculars
Ranking/GeneralStats,Majors,"Domestric Ranking Figures (US News)
#35 in Best Undergraduate Engineering Programs (tie)
#9 in International Business
#28 in Nursing (tie)
#87 in Economics (tie)

Global Ranking Figures (Times Higher Education):
Arts and Humanities 2026 :  301 - 400th
Business and Economics 2026: 176-200th
Medical and Health 2026: 251-300th
Computer Science 2026: 98th
Engineering 2026: 201-250th
Law 2026: 101-125th
Life Sciences 2026: 176-200th
Physical Sciences 2026: 201-250th
Psychology 2026: 98th
Social Sciences 2026: 201-250th",https://www.usnews.com/best-colleges/northeastern-university-2199/overall-rankings|https://www.timeshighereducation.com/world-university-rankings/northeastern-university-us,Unofficial ,Ranking_GeneralStats_Majors
Ranking/GeneralStats,Demographics,"From US News: 
Total number of students: 29,623
Number of international students: 11,732
Total number of academic staff: 1,876
Number of international staff: 371
Number of undergraduate degrees awarded: 4,547
Number of doctoral degrees awarded: 619
Number of research only staff: 299
Number of new undergraduate students: 2,519
Number of new doctoral students: 592

From Times Higher Education:
Student gender ratio: 53 F : 47 M 
Students per staff: 15.8
International student percentage: 40%",https://www.usnews.com/education/best-global-universities/northeastern-university-167358|https://www.timeshighereducation.com/world-university-rankings/northeastern-university-us,Unofficial ,Ranking_GeneralStats_Demographics
Student_Support,Contact_Info,"Office of  University Equity and Compliance:
Email us: ouec@northeastern.edu
Call us: 617-373-4644

Office of Student Conduct and Conflict Resolution (OSCCR):
Phone: 617-373-4390
Email: osccr@neu.edu
Location: 204 Ell Hall

University Health and Counseling Services (UHCS):
Phone: 617-373-2772
Email: uhcs@northeastern.edu
Location: Forsyth Building, Suite 135

Find@Northeastern:
US Phone:  +1 877-233-9477
Canada Phone: +1 855-229-8797
Outside of the US Phone: +1 781-457-7777

WeCare:
Email: wecare@northeastern.edu
Phone: 617-373-4384
Location: 104 Ell Hall

The Office of Belonging:
Email: belonging@northeastern.edu

Disability Access Services (DAS):
Phone: 617-373-2675
Email: DRC@northeastern.edu",https://ouec.northeastern.edu/|https://ouec.northeastern.edu/resources/,Official,Student_Support_Contact_Info
Student_Support,Resources_Overview,"The Office for University Equity and Compliance (OUEC): The OUEC office leads efforts to maintain the university’s compliance with all federal, state, and local laws pertaining to anti-discrimination, the Americans with Disabilities Act, and Title IX.
The OUEC office is not a confidential resource. Information reported to OUEC will be shared only with individuals who “need to know” in order to assist in the assessment, investigation, and resolution of the reported incident.

Title IX Coordinator: Mark Jannoni is the Title IX Coordinator for Northeastern University. The role of the Title IX Coordinator is to:
Coordinate the university’s compliance with Title IX policies and procedures
Coordinate responses to reports of Prohibited Conduct including thorough, fair, and impartial investigations and remedies or interim measures designed to protect the university community
Provide leadership for Title IX education and training for all students, faculty, and staff
Be a private resource, not a confidential resource. Information reported to the Title IX Coordinator will be shared only with individuals who “need to know” in order to assist in the assessment, investigation, and resolution of the reported incident.

Office of Student Conduct and Conflict Resolution (OSCCR): OSCCR receives formal reports of Code of Student Conduct violations and oversees the Student Conduct hearing process. OSCCR staff can administer no contact orders through the disciplinary process.
Confidentiality
OSCCR is not a confidential resource. OSCCR administrators are required to report and disclose all allegations of discrimination, sexual violence, or any related incidents of Prohibited Offenses to OUEC.

University Health and Counseling Services (UHCS): UHCS provides assessment and treatment of physical injuries, psychological support, therapy referrals and advocacy options.
Confidentiality
UHCS is a confidential resource. This means that they are not required to disclose information about Prohibited Offenses. You can seek out UHCS for medical treatment, emotional support, and counseling services. Anything you share will be kept in confidence.

Find@Northeastern:
Find@Northeastern provides free, confidential supports that are available from any location including:

Uwill: A 24/7 mental health support phone line where you will be connected with a licensed counselor. Uwill also has an online space that students can register with.
Headspace: A mindfulness and meditation app to help with stress, sleep, focus, and more. Students can register with their NUID.
Togetherall: A safe and anonymous community for discussions around mental health topics to encourage bonding over shared experiences. This platform is monitored 24/7 by licensed mental health clinicians.
Confidentiality
Find@Northeastern and all included services are confidential resources. The mental health clinicians are not required to document or report any information you share with the university or team members of the OUEC.

Office of Prevention and Education at Northeastern (OPEN):
OPEN provides confidential prevention and education services on the topics of alcohol and other drugs, sexual violence, and sexual health. They seek to provide supportive, accessible and non-judgmental services to students as well as to engage our community on wellness-related topics. 

WeCare:We Care is an extended network of support services that provides help and encouragement to Northeastern students who are experiencing unexpected challenges in their personal or academic life, to embolden them so they can succeed. We Care is available to all Northeastern University students, wherever they are studying.
Confidentiality
We Care is not a confidential resource. All We Care staff members are required to report and disclose all allegations of discrimination, sexual violence, or any related incidents of Prohibited Offenses to OUEC.

The Office of Belonging:
The Office of Belonging focuses on creating an inclusive environment within the NU community. This is enacted through the creation of affinity groups, sharing of university and community initiatives, opportunities for learning and development, and distribution of resources.
Confidentiality
The Office of Belonging is not a confidential resource. Staff are required to report and disclose all allegations of discrimination, sexual violence, or any related incidents of Prohibited Offenses to OUEC.

Disability Access Services (DAS):
DAS is dedicated to partnering with the diverse population of students, staff, and faculty who we serve at Northeastern and in the surrounding community.
Confidentiality
DAS is not a confidential resource. DAS staff are required to report and disclose all allegations of discrimination, sexual violence, or any related incidents of Prohibited Offenses to OUEC.
If you are an incoming student or a current student that is not registered with DAS, visit the Incoming and Unregistered Students page. This will give you access to the student disclosure form and your DAS portal through the Student Hub. If you are already registered with DAS, visit the Registered Students page for access to accommodation guidelines and supports as well as your DAS portal through the Student Hub.
",https://ouec.northeastern.edu/resources/,Official,Student_Support_Resources_Overview
Student_Support,Confidential_Resources,"Northeastern has several spaces for confidential supports:

Office of Prevention and Education (OPEN), which includes the Sexual Violence Resource Center (SVRC), Confidential Resource Advising Services (CRA), and Community Consultation
University Health and Counseling Services (UHCS)
Center for Spirituality, Dialogue and Service (CSDS) – Spiritual Advising
Counseling and Psychological Services (CAPS) — *Oakland Campus specific
Find out more about each resource on the Support for Students page.",https://ouec.northeastern.edu/resources/,Official,Student_Support_Confidential_Resources
Student_Support,National_Resources,"National Resources
National Sexual Violence Resource Center
NSVRC provides research & tools to advocates working on the frontlines to end sexual harassment, assault, and abuse with the understanding that ending sexual violence also means ending racism, sexism, and all forms of oppression.
Phone: 877-739-3895

Domestic Violence Hotline
The Domestic Violence Hotline offers free and confidential services 24/7 via phone, text, or live chat.
Phone: 800-799-7233
Text: Text “START” to 88788

Rape, Abuse & Incest National Network (RAINN)
RAINN is the nation’s largest anti-sexual organization. RAINN created and operates the National Sexual Assault Hotline, and offers an abundance of broad statistics and resources
24hr Hotline: 800-656-4673
Phone: 800-656-4673

DoD Safe Helpline
DoD Safe Helpline is the sole secure, confidential, and anonymous crisis support service specially designed for members of the Department of Defense community affected by sexual assault.
Phone: 877-995-5247

National Suicide & Crisis Lifeline
The Suicide & Crisis Lifeline provides 24/7, free and confidential support for people in distress and prevention and crisis resources for you or your loved ones. Call 988 or chat online.

National Sexual Assault Legal Hotline
The Take Back the Night Foundation’s mission is “to end sexual assault, domestic violence, dating violence, sexual abuse and all other forms of sexual violence. We serve to create safe communities and respectful relationships through awareness events and initiatives.” This hotline provides confidential, judgment-free, trauma informed legal support for survivors of sexual harassment, sexual assault, rape or other sexual violence.
24/7 Hotline: 567-742-8837
Or complete the online form (inquiries will be answered in 1-2 business days) on the bottom of the webpage.

Male Survivor
MaleSurvivor is a 501(c)(3), non-profit, public benefit organization committed to preventing, healing, and eliminating all forms of sexual victimization of boys and men through support, treatment, research, education, advocacy, and activism.

The Trevor Project
The Trevor Project is here so that you can reach out to a counselor if you’re struggling, find answers and information, and get the tools you need to help someone else.
Phone:  866-488-7386",https://ouec.northeastern.edu/resources/,Official,Student_Support_National_Resources
Student_Support,Policies,"Notice of Nondiscrimination
Northeastern University complies with federal, state, and provincial civil rights laws and prohibits discrimination within any of its programs, activities, and services in accordance with Title VI of the Civil Rights Act of 1964, Section 504 of the Rehabilitation Act of 1973, Title IX of the Education Amendments Act of 1972, Age Discrimination Act of 1975, U.S. Department of Homeland Security Regulation 6 C.F.F. Part 19, and other applicable civil rights laws and regulations.

Sexual and Gender-Based Harassment and Title IX
Policy on Sexual and Gender-Based Harassment and Title IX
Informal Resolution Procedures
Formal Resolution Procedures for Title IX Prohibited Offenses involving Student Respondents
Formal Resolution Procedures for Title IX Prohibited Offenses involving Employee Respondents 
Formal Resolution Procedures for SGBH Prohibited Offenses 
Protocols for Emergency Removals
This Policy and these Procedures apply to all campuses in the US and Canada.
Consistent with the February 4, 2025 Dear Colleague Letter, the Department of Education’s Office for Civil Rights will enforce Title IX under the provisions of the 2020 Title IX Regulations (2020 Title IX Final Rule). Northeastern’s Policy on Sexual and Gender-Based Harassment and Title IX is currently in compliance with the 2020 Title IX Regulations, and the University will continue to monitor any legal developments in this area and update the Northeastern community accordingly.

Nondiscrimination and Equal Opportunity
The Policies on Equal Opportunity prohibit discrimination or harassment on the basis of protected categories.

Policy on Nondiscrimination and Equal Opportunity (US)
This Policy applies to all US campuses.
In the US, protected categories include race/color, religion/religious creed, genetic information, sex (including pregnancy or pregnancy related condition), gender, gender identity, sexual orientation, age, national origin, ancestry, ethnicity, disability status, or veteran and military status. The US Policy applies to all US-based university community members, including current and prospective students, faculty, staff and volunteers in connection with university activities.

Policy on Nondiscrimination and Equal Opportunity (CAN)
This Policy applies to all Canadian campuses.
In Canada, protected categories include ancestry, place of origin, colour, ethnic origin, citizenship, creed, sex, sexual orientation, gender identity or expression, age, record of offences, marital status, family status or disability or any other characteristic protected by applicable federal or provincial law. The Canadian Policy applies to Canada-based university community members, including current and prospective students, faculty, staff and volunteers in connection with university activities.

Nondiscrimination and Equal Opportunity Complaint Procedures (US + CAN)
These Procedures apply to all campuses in the US and Canada.
The Nondiscrimination and Equal Opportunity Complaint Procedures set forth the options and steps for reporting allegations of discrimination and harassment and/or retaliation.

Non-Fraternization
Policy on Non-Fraternization
This Policy applies to all campuses in the US and Canada.
This Policy prohibits romantic or sexual relationships where there is supervision, direction or control between the parties.

Northeastern Policies
For any other Northeastern Policies, visit the NU Policies webpage.
There were many hyperlinks on this page that should be referenced if furthter information is requested. ",https://ouec.northeastern.edu/services/,Official,Student_Support_Policies
Experiential_Learning,Coop_Process,"1. Meet your co-op coordinator
A co-op coordinator will be assigned to you as soon as you arrive at Northeastern. They will encourage you to connect with co-op peers and to meet mentors at welcome events, orientations, and co-op info sessions throughout your first year.  

If your resume needs work, your coordinator will help you identify some experiences, like clubs, research, and summer internships, to build it out.   

2. Enroll in your co-op prep course   
This one-time course, taught by a co-op coordinator, meets weekly throughout one semester of your second year. As an undergrad, you’ll explore career paths, have your resume and cover letter reviewed, do practice interviews, learn job search strategies, and more.  If you’re a grad student, you can use this course to hone your resume and refresh interviewing skills.   

3. Get 1:1 advice    
We’ll help you define—and redefine—your career aspirations and connect you to resources.  Not sure what the difference is between a video game designer and a game developer? Can’t decide between a small life sciences startup or a global pharmaceutical company? We’ll help you sort it out. For graduate students, we’ll help you zero in on the best options to pivot into a career change and navigate visa requirements for international students.  

4. Search and apply    
You’ll apply for your first co-op during your second year (the same goes for graduate students doing just one co-op) using our online job search platform, NUWorks. Co-op cycles begin in either January or July.   

Attend our employer recruitment events and career workshops for an overview of opportunities.      

Once you’ve applied to a co-op, respond to interview requests promptly and professionally. (You can prep and practice interviewing with your coordinator). You can apply for any co-op, regardless of major or college, as long as you meet the job qualifications. Cast a wide net, explore, and keep your options open! 

5. Accepting an offer   
You should acknowledge all offers within 48 hours.  Work closely with your co-op coordinator to navigate offers and details, because once you accept a position, you’re committed. Connect with your employer to confirm start and end dates, and work schedule.    

If you’re moving to a different city or country for your co-op, work with Northeastern to arrange logistics around transportation and housing. If you’re an international student, you’ll need to check for any visa requirements, too.       

6. During your co-op  
As you begin your co-op, continue working with your co-op coordinator to establish learning goals and objectives. Review those objectives with your work supervisor.   

During your co-op, you’ll have regular meetings with your supervisors and mentors on the job, and a mid-point check-in with your coordinator.  You’ll also complete three reflective writing prompts at regular intervals. 

7. Final performance assessment  
Your grade will be based on assessments and reflections: You will complete a self-assessment after your co-op, and your employer will submit a final assessment of your performance. Review the assessments with your coordinator against the goals and objectives you set at the start.  

Note: If you are an undergrad who will be doing more than one co-op, you’ll skip steps 1 and 2, next time, going straight to 1:1 advising and finishing with assessments. ",https://www.northeastern.edu/the-co-op-process-from-start-to-finish/,Official,Experiential_Learning_Coop_Process
Experiential_Learning,Coop_Salary,"It typically does. In fact, the average pay is $20-plus an hour. Some research, service, arts, and nonprofit co-ops pay less. Know that we work with students to remove cost barriers wherever possible, and some stipends—from Northeastern and employers—are available. Northeastern also offers some scholarships for global co-ops and low-paying fields. Keep in mind that because co-op jobs are full-time, we discourage simultaneous work and study.",https://www.northeastern.edu/co-op/,Official,Experiential_Learning_Coop_Salary
Experiential_Learning,Coop_Overview,"Co-op is our most immersive experiential program—a full-time, months-long professional work experience that positions you not just for a job, but for your future.  All sizes and all types. Company sizes vary from under 100 employees to more than 100,000. The majority of jobs are at organizations with between 1,000 and 100,000 employees. Job types include business, healthcare, finance and accounting, research, engineering, marketing and communications, software development, art, media, and design. Those are fields, not industries—meaning you can land a finance position at a healthcare company, or a software job at an engineering firm. The options are many! Your co-op coordinator will help you think through what makes the most sense for you.

Experiential learning is at the heart of a Northeastern education, engaging you in meaningful work and teaching you to lead in some of the world’s most critical emerging fields.Over 2,000 employers across the globe 
understand why Northeastern’s Cooperative 
Education (co-op) program is ranked number 
one by U.S. News & World Report. As a 
co-op employer partner, you get access to 
talented future engineers with a variety of 
skillsets to address your hiring needs. You 
will be supported by a dedicated co-op 
coordinator throughout the entire co-op 
process. Partnering with the College of 
Engineering also provides employers access 
to student talent from across the university. 
Northeastern’s co-op program, the 
cornerstone of the university’s experiential 
learning model, provides students with 
opportunities to alternate between 
periods of academic study and periods 
of full-time employment. Our co-op 
program has successfully matched 
employers with students for over 115 
years. Now it is your turn to reap the 
benefits of this successful program",https://www.northeastern.edu/co-op/,Official,Experiential_Learning_Coop_Overview
Student_Amenities_Activities,Greek_Life,"Fraternity and Sorority (FSL) at Northeastern University provides a unique and diverse opportunity for students to experience a lifetime bond of brotherhood and sisterhood. The FSL community consists of 40+ organizations in four governing councils and over 3,600 students that focus on leadership, member development, community engagement, scholarship, and social opportunities. Fraternities and sororities at Northeastern are where students from all different backgrounds gather to challenge, encourage, and support one another. They are where lifelong friendships get formed, and professional networks are expanded. They are where passions are unlocked, and where civic engagement and community service is prioritized. They are where the demands and stresses of Northeastern student life are shared and cared for by the community. They are where all identities get celebrated, and the diversity of Northeastern’s students comes alive. Fraternity & Sorority Life is a home away from home for many of our members. Fraternity and Sorority Life fosters intentional development for affiliated undergraduates throughout their membership. Programs focus on four core tenets: health & wellness, identity & leadership exploration, membership expectations, and inclusive community building. Joining a fraternity or sorority provides an opportunity to gain a support group that will help transitioning to college significantly easier. Members cultivate friendships that will last a lifetime while deepening their connection to campus. You’ll receive access to resources to help encourage and achieve academic goals. Members can develop leadership skills with hands-on opportunities to practice and lead at many different levels within the FSL community. It is a way to maximize involvement on campus and in the community. Our students serve the community through active participation in service projects and philanthropy events. The network of alumni can help to develop priceless co-op and career opportunities. Overall, you’ll maximize the college experience while having a lot of fun! Fraternity and Sorority Life at Northeastern University is home to four governing councils, the Interfraternity Council (IFC), National Pan-Hellenic Council (NPHC), Multicultural Greek Council (MGC), and Panhellenic Council (Panhel). The joining process differs across councils (and sometimes across chapters). Explore the tabs below to learn more about how to join each council. The Interfraternity Council (IFC) hosts semi-structured recruitment (or rush). Recruitment kicks off with an IFC BBQ where potential new members have the opportunity to meet each chapter. Chapters participating in recruitment host a series of events to further meet potential new members and share information on their brotherhood. Potential new members are required to attend an IFC informational session hosted by the Council and Northeastern University’s Fraternity and Sorority Life staff. After the initial recruitment events, chapters will extend bids (invitation to membership) to potential new members. Please note that not all potential new members may receive a bid.

Students that do not participate in fall recruitment or do not receive a bid have the opportunity to participate in informal recruitment in the late fall and spring semesters. However, not all chapters participate in informal recruitment. Students and families that are interested in learning more about the Interfraternity Council can find more information on the IFC website and Instagram The Multicultural Greek Council (MGC) chapters host intake events at the beginning of the fall and spring semesters. Every chapter has its own intake process based on its individual chapter requirements. The Council holds a kick-off event at the start of each semester for prospective new members to learn about the different organizations and what each chapter has to offer. Intake requirements may include attending chapter events and information sessions, interviews, and achieving a minimum GPA. 

Students and families that are interested in learning more about the Multicultural Greek Council can find more information on the Council’s website and Instagram.The National Pan-Hellenic Council (NPHC) chapters host membership intake on a semesterly basis. Interested students (aspirants) can meet the chapters at information sessions at the beginning of each semester. Aspirants are invited by chapters to learn more about their organization and the application process. To be considered for membership, aspirants must have achieved certain requirements set by chapters such as standards in academics, community service, and leadership. 
After an aspirant’s application is approved, they begin the membership intake process. The membership intake process varies by chapter as each organization holds its own guidelines and requirements. Please note that first years are not eligible to join an NPHC organization their first semester, as they must first obtain a collegiate GPA.  

Students interested in joining the National Pan-Hellenic Council can learn more about the intake process through the Council’s Instagram and individual chapter websites.The financial obligations of joining a fraternity or sorority depend on the individual chapter. Costs of membership can range anywhere from around $30-$500 per semester. The semester you join often has a few one time costs, generally making your dues as a new member slightly higher than as an active member. Membership dues  include financial obligations such as inter/national membership fees, insurance, local dues to contribute to events and programming, and other assessments.  Additional costs throughout the year may occur such as purchasing t-shirts, attending social events, and contributing to philanthropies.

We recommend having a conversation with your student about expectations related to who will be financially responsible for the costs of membership.Fraternity and Sorority organizations at Northeastern University do not have on or off-campus houses, with the exception of one local fraternity. Members of organizations are not required to live together, but many affiliated students often choose to be roommates with their sisters or brothers! Each chapter is self-supported through dues charged to all members. In the first year of membership, a few one-time expenses are assessed. After those initial payments are made, your student’s expenses will be their regular dues. Each chapter has a different dues structure and thus finances will vary between chapters.Northeastern University has no tolerance for hazing. Find out more information about hazing prevention through the Office of Student Conduct and Conflict Resolution. Please do not hesitate to contact the Fraternity and Sorority Life staff in the Center for Student Involvement at fsl@northeastern.edu if you have any questions about Fraternities and Sororities at Northeastern University, or to report concerns or policy violations. As a parent, we recommend that you support your student throughout the joining process. Joining a fraternity or sorority can be overwhelming, and we recommend that you serve as a sounding board for your student. It is important to be supportive and ask questions to your student about what they are looking for in a chapter, and allow them to determine where they feel most comfortable.

Please remember to keep an open mind. Just because a parent or family member was affiliated or not affiliated, does not mean that your student needs to make the same decision.

Please recognize that the chapters are different on every campus. Fraternities and sororities at Northeastern University may not have the same values or expectations as where you attended school. It is important that students choose the organization that feels right for them. Mike Sampson is the Associate Director of Fraternity and Sorority Life and serves as the primary council advisor for the Multicultural Greek Council (MGC). Contact Mike regarding community growth and expansion, external partnerships, data and reporting, policies, and strategic planning at m.sampson@northeastern.edu.
Jennifer Mitchell is the Assistant Director of Fraternity and Sorority Life and serves as the primary council advisor for the Interfraternity Council (IFC) and the National Pan-Hellenic Council (NPHC). Contact Jennifer regarding harm prevention, hazing prevention, new member education, organization accountability, leadership programming, and marketing at je.mitchell@northeastern.edu.
Abby Sylvester is the Fraternity and Sorority Life Specialist and serves as the primary council advisor for the Panhellenic Council (Panhel). Contact Abby regarding signature events, community building, the awards process, chapter services, volunteer engagement, re-registration, roster management, and important forms at ab.sylvester@northeastern.edu.",https://csi.studentlife.northeastern.edu/fraternity-sorority/,Official,Student_Amenities_Activities_Greek_Life
Student_Amenities_Activities,Transportation,"The Massachusetts Bay Transit Authority (MBTA) is one of the largest public transit systems in the country, making it easy to get around.  Northeastern University’s Boston campus is directly served by the MBTA’s Orange and Green subway lines, and multiple bus lines.  The Green Line E train stops at Northeastern on Huntington Ave in front of the Marino Center.  The Orange Line stops at Ruggles.  The Franklin, Needham, and Providence/Stoughton Lines of the Commuter Rail also stop at Ruggles. Discounted Semester Pass Program
Student Program
Northeastern University participates in the MBTA semester pass program offered for the Fall and Spring Semesters.  Students receive an 11% discount on passes and must enroll through their Student Hub portal. Passes are distributed by the Husky Card Office.

 IMPORTANT INFORMATION
Pre-tax transit limit parking maximum limit is $300/month 
$300 monthly pretax limit can be used for either transportation or parking
Passes can be purchased through Student Hub – Resources – Benefits & Services 
Ordering deadline is the first day of the month (approximately 30 days before the Pass Month)
Purchases are made through automatic payroll deduction",https://pref.northeastern.edu/public-transportation/,Official,Student_Amenities_Activities_Transportation
Housing,Moving_Information,"For Fall 2025, move-in is by assignment and move-out is by December 13, 2025 at 7:00 PM. Students returning from Winter Break move in on December 16, 2025.For Spring 2026, move-in is by assignment and move-out is by April 25, 2026 at 7:00 PM. Graduating seniors have until April 30, 2026 at 11:00 AM to move out. For Summer Session A, move-in is May 3, 2026 and move-out is by June 20, 2026 at 7:00 PM. For Summer Session B, move-in is June 28, 2026 and move-out is by August 15, 2026 at 7:00 PM. For specific parking locations by term, click on your Move-in/out Term above.

Please note: Parking is not guaranteed and is based on a first come first serve basis. The parking pass provided is only valid on designated moving days.

Cars should clearly display a completed parking pass hang tag on their mirror or dashboard; it is important that the contact number be included in order for Northeastern staff to be able to contact you during move-in should the need arise.

Directions to Campus
To facilitate the flow of traffic for Move-In Days we have developed these motor vehicle directions to the University unloading / parking facilities.  Depending on your assigned residence hall and where you are directed to park, you will either unload your motor vehicle at the parking location, or be asked to relocate the vehicle to a parking location after the vehicle has been unloaded.

In the event that you are asked to relocate your vehicle to a University  parking facility, you will be provided with the directions to that facility upon your arrival. Please follow these directions when approaching the University.",https://housing.northeastern.edu/move-inout/,Official,Housing_Moving_Information
Admission_Application,Honors_Program,"The John Martinson Honors Program offers Northeastern students the opportunity to engage with our values of challenge, curiosity, and community during their undergraduate career. Through innovative programming, robust funding, and dynamic support, Honors empowers students to make meaningful and lasting change in the world. The John Martinson Honors Program offers students the ability to explore their future at Northeastern and beyond through meaningful and intentional curated requirements. Having undergone an exciting reimagination process in Fall 2023, Honors currently oversees two distinct, enriching learning experiences for undergraduate students. Honors students additionally may have varying requirements depending on their entry term:

Direct Admits are students who were admitted to the Honors Program prior to enrolling at Northeastern (i.e., during the Fall of their first year).

Internal Admits are students who were admitted to the Honors Program after enrolling at Northeastern.",https://honors.northeastern.edu/about-us-2/,Official,Admission_Application_Honors_Program
Ranking_GeneralStats,Career_Outcomes,"Northeastern graduates are in high demand. Within nine months of graduation, 96% of our graduates are employed or enrolled in graduate school.
Of that group, the majority — 82.8% — are employed, while 13.3% have continued their education in graduate school. Only 3.8% are still seeking employment.58% are offered a job from a previous coop employer Overall a 33% higher starting salary over the national average. ",https://careeroutcomes.northeastern.edu/,Official,Ranking_GeneralStats_Career_Outcomes
Safety,Crime_Statistics,"Violent & Sexual Offenses
Northeastern recorded no murders or manslaughter incidents in any of the three years. Sexual offenses declined notably over the period — from 22 forcible sex offenses in 2022 (11 rapes, 11 fondling) down to 13 in 2023 and 13 in 2024 (10 rapes, 3 fondling). Robbery ticked up slightly from 3 incidents in 2023 to 5 in 2024, while aggravated assault rose from 4 in 2023 to 7 in 2024, though both remain lower than 2022's figures of 6 and 11 respectively.
Property Crime
Burglary dropped from 9 incidents in 2023 to 6 in 2024, and motor vehicle theft held steady at 5–6 incidents per year after a higher count of 14 in 2022. There was one arson incident in 2023 and none in 2022 or 2024.
Violence Against Women Act (VAWA) Offenses
VAWA-related totals improved significantly from 32 in 2022 to 26 in both 2023 and 2024. Stalking decreased from 15 in 2022 to 12 in 2024. Dating violence remained relatively steady at 8–10 incidents per year. Domestic violence fluctuated — dropping to just 3 in 2023 before rising back to 6 in 2024.
Arrests & Disciplinary Referrals
Drug violation arrests remained consistent at around 4–7 per year, while weapons violation arrests stayed low at 2–5. Liquor law disciplinary referrals remained the highest category by far, with 231 in 2023 and 218 in 2024, though most were on-campus referrals rather than arrests. Drug and weapons disciplinary referrals were minimal across all three years.
Hate Crimes
In 2024, two hate crimes were recorded — both on-campus student housing vandalism incidents, one motivated by religious bias and one by national origin bias. In 2023, four hate crimes occurred, including intimidation and simple assault incidents tied to sexual orientation, religious, and ethnicity bias.",https://nupd.northeastern.edu/wp-content/uploads/2025-Boston-ASR.pdf,Official,Safety_Crime_Statistics
Student_Amenities_Activities,Study_Space,"Northeastern's Campus Planning and Design Team, led by Director Cory Berg, is dedicated to creating a wide range of study spaces that support student success and well-being. Berg emphasizes the team's commitment to inclusivity, finding opportunities to furnish lobbies, nooks, and former administrative offices to suit different students' needs — especially important given the ongoing Snell Library renovations and the need for comfortable spaces for commuters between classes.
Snell Library serves as the primary study hub on campus, offering a café, multiple floors with varying noise levels, and spaces for both individual and group work. Once renovations are complete, students can expect more private rooms, single-person pods, and improved views. Curry Student Center is another versatile space, offering couches, tables, collaborative areas, a mezzanine, and a fourth-floor game room for study breaks, alongside food vendors including AfterHours and Starbucks.
For quieter or more unique settings, Churchill Hall offers sunlit high-top seating near Churchill's Creations, while 300 Mass Ave provides spacious, high-ceilinged rooms with natural light and proximity to Newbury Street. The Law Library offers a classic, book-lined atmosphere with multiple floors and designated noise levels, ideal for students who prefer a more traditional library feel.
Residence halls and academic buildings also offer solid options. West Village G has tables and nooks near classrooms, though it closes at 10pm. Shillman Hall's lobby offers tables and chairs alongside a Dunkin', and International Village provides study nooks adjacent to its dining hall. For outdoor studying on nice days, the Law Quad near Huntington and Forsyth and the Snell Quad offer seating under tree canopies in a quieter setting. Finally, the ISEC Café (Fuel America) on the first floor of ISEC features coffee, sandwiches, natural light, sound-cancelling chairs, and an outdoor patio — a great spot to recharge and get work done.",https://pref.northeastern.edu/top-10-study-spaces-for-students/,Official,Student_Amenities_Activities_Study_Space
Admission_Application,Orientation,"No matter where your Northeastern journey begins, you'll start your first year with a new student orientation. Orientation connects you with classmates and your academic advising team, introduces you to student clubs and organizations, and helps you access the resources you need to begin charting your path at Northeastern. The experience includes online modules completed during the summer, as well as in-person events before or as you move to campus.
For incoming undergraduate students on the Boston campus, orientation is coordinated through the Office of Boston Orientation and Family Programs. Students and their families will receive Husky Happenings email communications throughout the summer with critical information and next steps in the Husky 101 Boston Orientation process. More details can be found on the Boston Orientation Website.",https://admissions.northeastern.edu/visit/student-orientation/,Official,Admission_Application_Orientation
Experiential_Learning,Research,"Northeastern research is organized as follows. The insititution focuses on three main themes: health, sustainability and security. Within these themes there are 8 subjects: Art and Design, Buisness, Computer Sciences, Engineering, Law and Policy, Life Sciences, Physical Sciences, and Social Sciences and Humanities. Most undergraduates do research through Research and Fellowships, although it is possible to lookup current research projects and contact professors. Research and creative endeavors are key components of Northeastern’s experiential learning model. Experiences can range from laboratory bench work to the analysis of big data to archival research to collaborative theatre productions. This work can take place in a variety of contexts and formats, including the following:

Courses, which generally fulfill major elective requirements
Labs or centers
Research or creative-based co-ops or internships
Community-based research or creative endeavor
Research or creative-based activity as the option for work-study work
Research or creative endeavor as a service activity
Junior/senior honors projects
Undergraduate Research and Fellowships, along with other offices and programs on campus, support students through workshops, mentoring, and consultation on applications for distinguished fellowships and advanced study; funding through the university-wide Project-Based Exploration for the Advancement of Knowledge, or PEAK Fellowships; and much more. Northeastern undergraduates are an important part of Northeastern’s research and creative culture, and they frequently present their findings at national and international conferences; in scholarly journals and other field appropriate venues; and at the university’s annual Research, Innovation, and Scholarship Expo (RISE). We believe that the best answers—and the best questions—are born out of bringing diverse perspectives, experiences, and knowledge into conversation with one another. Therefore, we believe that a diverse and inclusive community of researchers, creative practitioners, and fellowship applicants not only fosters innovation and creativity but is a precondition of the excellence for which we strive.

To this end, URF supports undergraduate students throughout the process of developing research or creative endeavor projects, from connecting with mentors and securing funding through sharing results. The office also works closely with students to identify and apply for appropriate fellowships for advanced study in the United States and internationally and provides guidance for those looking to do advanced study more broadly. These research, creative, and fellowship processes guide students toward a fuller understanding and clearer narration of their ambitions, talents, and projects.",https://research.northeastern.edu/institutes-and-centers/|https://undergraduate.northeastern.edu/research/about/overview/,Official,Experiential_Learning_Research
Experiential_Learning,NU_View,"NU VIEW (Virtual Integrated Experiential Workshop) lets students build their resume and skills before even starting their co-op experience by working closely with a project sponsor on a real-world project for their company. When students complete this 4-week program, they receive a digital badge that allows them to showcase their knowledge of the course topic and market themselves for future opportunities. NU VIEW is a great way to familiarize yourself with Northeastern’s experiential learning approach, the foundation of our educational philosophy. NU VIEW is a free and non-credit course.

NU VIEW is fully virtual and the course runs for 4 weeks beginning on May 1.

There are three possible course topics to choose from: Entrepreneurship & Innovation, Data Visualization, and Digital Marketing. Each course is partnered with a project sponsor who provides a project based on a real-world problem that their organization is working on. Students will complete four week-long modules where they research the topic, generate ideas and recommendations, and at the end of the four weeks present their findings to the project sponsor. Simultaneously, they receive professional development coaching from Northeastern’s Career Design staff.

The NUVIEW program has been recognized by NACE (the National Association of Colleges and Employers) as “leading the way in career competency initiatives.”
The course runs for 4 weeks, requiring a 15-20 hour commitment.  Below is a breakdown of the course schedule:

Week 1: Review your sponsor’s project materials and create a project plan with team members.
Week 2: Collect data, conduct research and analysis, and identify metrics.
Week 3: Conduct cost/benefit analysis and develop recommendations.
Week 4: Group presentation and report summarizing your findings.",https://careers.northeastern.edu/nu-view/,Official,Experiential_Learning_NU_View
Experiential_Learning,Experiential_Projects,"Experiential Projects is a partnership branch of Northeastern University. We provide organizations the opportunity to work with talented students on projects embedded in selected courses with expert faculty oversight. This arrangement enables organizations to move forward on project-based work at no cost while giving students highly relevant work experience and real-world learning opportunities.

Project work is completed inside selected courses for an average of six weeks (with some flexibility), with sponsor-mentors dedicating about an hour per week to providing feedback during class or outside meeting time. Projects are typically research based and conclude with an actionable deliverable that provides insight and recommendations to inform critical business decisions. ",https://experientialprojects.northeastern.edu/,Official,Experiential_Learning_Experiential_Projects
Admission_Application,Transfer_Applicants,"Transfer applicants are students who:

have completed at least 12 semester hours of college-level coursework (after high school graduation), or
have attempted at least one semester of full-time coursework and maintained enrollment through the add/drop period, or
have already received a bachelor’s degree from another college or university and are choosing to apply for a second bachelor’s degree.
Programs not currently accepting transfer applications
Bouvé College of Health Science, School of Nursing - We are not accepting applications for the Bachelor of Science in Nursing program, but are now offering a transfer track into the Accelerated Bachelor of Science in Nursing (ABSN) program. Learn more.
D’Amore-Mckim School of Business - Business Administration and Law (major only)
Explore Program for undeclared students
College of Engineering- Undeclared (major only)
Required Application Materials:
Applicants must submit a completed Transfer Common Application or Coalition Application along with the application fee of $75.
Transcripts:
Official college transcript(s) for all institutions you have attended
Final high school transcript or GED/HiSET score report
College Report: The College Report (available through the Common Application) form must be completed by the Registrar's Office or Dean's Office of your current/previous school. 
Academic Evaluation: Evaluation from an academic advisor, professor, or employer (submitted through the Common Application).
Current Year Courses: The transfer list of current year courses is a document that details the courses you are currently taking this semester. Typically, this requirement is fulfilled by either an unofficial copy of your current transcript that shows the courses in progress or a PDF screenshot of your current course list. 
Recommended/Optional Materials:Creative Portfolio - encouraged for students applying to the College of Arts, Media and Design. This may be submitted via the applicant's Application Status Check after applying to Northeastern. Applicants are encouraged to complete all forms, including Academic Profile, Media Uploads, and Personal Statement (500-word limit). Please only submit one portfolio. Additional submissions will not be reviewed. Click here for more information and deadlines.
Joint Services Transcript (JST)/Community College of the Air Force transcript - for veterans or active duty military
Mid-term Report - for students who are currently enrolled in courses. The form available online through the Common Application. 

When does Northeastern accept transfer students.
Northeastern accepts applications to transfer to Northeastern in the Fall semester (September) and the Spring semester (January). Please refer to our Deadlines and Decisions page for information on application due dates.

Am I considered a freshman or a transfer student?
Transfer applicants are students who have completed at least 12 semester hours of college-level coursework (after high school graduation) OR have attempted at least one semester of full-time coursework and maintained enrollment through the add/drop period (after high school graduation).

I am receiving an Associate’s degree and high school diploma at the same time. Why can’t I be considered a transfer student?
Northeastern’s definition of a transfer student is anyone who will have completed at least one full-time semester of college-level coursework after high school graduation. Students who do not have their high school diploma by the application deadline are not considered transfer applicants. Dual-enrollment courses can be considered for transfer credit.

Do I need to submit all official college transcripts even if my transfer credit appears on a transcript?
Yes, we require students to submit all official college transcripts.

How does Northeastern review transfer applications?
We review all applications holistically and are looking for students who are the best fit for Northeastern. We look closely at the student’s academic coursework and grades, along with extracurricular involvement, including work, clubs, community service, and internships. We value all information, and students should show how they are the best fit for NU and how they will take advantage of the opportunities here.

Are there GPA requirements in order to transfer?
While the most successful transfer applicants have earned a cumulative grade point average of 3.3 or higher, all applications are reviewed holistically. Our reviews take into account every aspect of an application, including academic performance, academic evaluations and recommendations, a personal statement, and performance on standardized tests (if applicable).

Does the Office of Admission review applications differently for specific majors?
Each program has recommended and required coursework that we take into account in the review process. Students can view this information in the ‘Program Requirements’ section on the Transfer Credit website.

My application is complete. When will I receive my admission decision?
Decisions are released on a rolling basis; the latest notification date is June 30.

I applied as a transfer student for previous term and was not offered admission/didn’t attend. Do I need to submit a new application for the next Spring/Fall term?
Students must submit a new transfer application through the Common Application for each academic term.

When will I receive my degree audit?
Students will receive their official degree audit within one week of admission. To learn more about transfer credit at Northeastern, visit the Transferring Credit website.",https://admissions.northeastern.edu/application-information/transfer-applicants/,Official,Admission_Application_Transfer_Applicants